Consultas principales,Clics,Impresiones,CTR,Posición
confecciones liss,46,348,13.22%,1.76
scrubs el salvador,6,91,6.59%,5.25
uniformes médicos el salvador,2,46,4.35%,8.87
uniforme de ieproes,2,39,5.13%,1.15
uniformes unab,2,17,11.76%,6.41
uniforme de radiologia,2,4,50%,4.75
catalogo ieproes 2026,2,3,66.67%,8.33
confecciones,1,41,2.44%,8.27
ieproes uniforme,1,35,2.86%,4.29
uniforme ieproes,1,32,3.12%,2.19
venta de uniformes médicos,1,22,4.55%,6.82
bordados san miguel,1,21,4.76%,6.57
uniformes de enfermería,1,16,6.25%,6.12
uniforme de enfermería,1,13,7.69%,4.46
uniformes de enfermeria,1,12,8.33%,9.08
uniformes universitarios,1,9,11.11%,8.11
uniformes medicos el salvador,1,9,11.11%,9.78
uniformes corporativos,1,9,11.11%,10.11
ues uniforme,1,7,14.29%,9.71
en el salvador,1,4,25%,2.25
uniforme de salud,1,2,50%,3
med uniform,1,2,50%,10
solicitar empleo,1,1,100%,1
scrubs medicos,0,91,0%,9.63
uniformes,0,56,0%,10.14
uniformes medicos,0,53,0%,10.04
uniformes medicos san miguel,0,35,0%,3.71
uniformes medicos san salvador,0,31,0%,8.61
uniformes de enfermera el salvador,0,27,0%,8.59
uniforme ues enfermeria,0,25,0%,7.84
uniformes de enfermera,0,20,0%,5.05
uniformes san miguel,0,16,0%,5.38
uniforme ues,0,14,0%,8.79
uniforme de radiología,0,13,0%,3.46
interiores liss,0,13,0%,8.69
logo de ieproes,0,12,0%,1
uniforme de psicologia,0,11,0%,9.55
bordados en san miguel,0,10,0%,5.9
uniformes hospitalarios,0,10,0%,7.8
venta de uniformes medicos cerca de mi,0,9,0%,6
uniformes de enfermera blancos bordados,0,9,0%,8.33
libap,0,9,0%,10.11
gabacha de laboratorio,0,9,0%,11.33
uniforme medico,0,8,0%,7.88
uniforme deportivo,0,8,0%,10.12
uniformes escolares,0,8,0%,11.12
scrub medico,0,7,0%,7
uniforme radiologia,0,7,0%,8
gabacha blanca,0,7,0%,8.43
venta de uniformes medicos,0,7,0%,9
uniformes en el salvador,0,7,0%,9.43
uniforme corporativo,0,6,0%,4
trajes medicos,0,6,0%,6.83
uniformes de medicina,0,6,0%,7.17
tienda de uniformes medicos,0,6,0%,8.83
gabacha blanca manga corta,0,6,0%,9.17
bordados,0,6,0%,10.33
uniforme de zootecnia,0,6,0%,10.33
uniformes el salvador,0,6,0%,10.67
uniformes para enfermeras,0,5,0%,5
venta de uniformes de enfermeria,0,5,0%,6
confeccion de uniformes,0,5,0%,8.6
uniforme de fisica el salvador,0,5,0%,9
uniforme terapia ocupacional,0,5,0%,9.6
uniformes médicos,0,5,0%,13
uniforme celeste,0,5,0%,19.8
logo unab enfermeria,0,5,0%,20.2
goz uniformes corporativos,0,5,0%,27.6
ropa de enfermería,0,4,0%,5.25
uniforme de terapia ocupacional,0,4,0%,5.75
uniforme de enfermera celeste,0,4,0%,7.5
uniforme de enfermeria,0,4,0%,7.5
uniformes de enfermeras,0,4,0%,7.5
camisa de doctora,0,4,0%,8.5
ieproes logo,0,4,0%,9.25
scrubs médicos,0,4,0%,11.75
uniforme san miguel,0,3,0%,3.33
uniformes scrubs,0,3,0%,3.67
si,0,3,0%,5
scrubs uniformes,0,3,0%,5.67
uniforme de medicina,0,3,0%,5.67
uniforme jogger,0,3,0%,6
uniformes a la medida,0,3,0%,6
uniformes enfermeria,0,3,0%,6
uniformes bordados,0,3,0%,6.33
textil el salvador,0,3,0%,6.67
uniforme de pediatra,0,3,0%,6.67
uniforme médico,0,3,0%,7
venta de uniformes,0,3,0%,7
venta de uniformes quirurgicos cerca de mi,0,3,0%,7
confección de uniformes deportivos,0,3,0%,7.33
venta de scrubs,0,3,0%,7.67
uniformes para médicos,0,3,0%,8
uniformes de salud,0,3,0%,8.33
uniformes escolares el salvador,0,3,0%,8.67
sastreria en san miguel,0,3,0%,9
uniformes de universidad,0,3,0%,9
uniforme medicina,0,3,0%,9.33
uniformes para doctores,0,3,0%,9.33
filipina veterinaria,0,3,0%,9.67
tienda de uniformes cerca de mi,0,3,0%,9.67
uniforme deportivo sublimado,0,3,0%,9.67
uniforme forense,0,3,0%,11
lenceria blanca,0,3,0%,11.33
cofecciones,0,2,0%,1
logo ieproes,0,2,0%,1
taller de uniformes,0,2,0%,1
foto,0,2,0%,1.5
donation,0,2,0%,2
licenciatura en enfermería,0,2,0%,2.5
si por favor,0,2,0%,2.5
uniformes clinicos san miguel,0,2,0%,2.5
scrubs,0,2,0%,3
uniforme de enfermería manga larga,0,2,0%,3
uniformes para servicios generales,0,2,0%,3.5
uniforme clinico enfermeria,0,2,0%,4
universidad con uniforme,0,2,0%,4
quimica y farmacia uniforme,0,2,0%,4.5
scrubs de enfermeria,0,2,0%,4.5
uniforme empresarial,0,2,0%,4.5
uniforme enfermeria unab,0,2,0%,4.5
"""lencería"" -site:reddit.com -site:twitter.com -site:x.com -site:wykop.pl 
-site:tripadvisor.com -site:youtube.com -site:yelp.com -site:booking.com 
-site:facebook.com -site:instagram.com -site:tiktok.com",0,2,0%,5.5
lino,0,2,0%,5.5
uniforme s,0,2,0%,5.5
letzy liss,0,2,0%,6
liss,0,2,0%,6
scrub medicina,0,2,0%,6
tela de lino,0,2,0%,6
"""contrato de producción"" ""el salvador"" -site:reddit.com -site:twitter.com 
-site:x.com -site:wykop.pl -site:tripadvisor.com -site:youtube.com 
-site:yelp.com -site:booking.com -site:facebook.com -site:instagram.com 
-site:tiktok.com",0,2,0%,6.5
uniforme,0,2,0%,6.5
uniforme de laboratorio clinico,0,2,0%,6.5
ventas de uniformes medicos,0,2,0%,6.5
calidad,0,2,0%,7
gabacha blanca manga larga,0,2,0%,7
proveedor de uniformes,0,2,0%,7
uniforme de andres bello,0,2,0%,7
uniforme de fisioterapia,0,2,0%,7
uniforme de tecnico en farmacia,0,2,0%,7
uniformes para hospital,0,2,0%,7
liss star,0,2,0%,7.5
uniforme enfermeria,0,2,0%,7.5
uniformes profesionales,0,2,0%,7.5
lencería blanca,0,2,0%,8
unifomes,0,2,0%,8
uniforme de medicina veterinaria,0,2,0%,8.5
traje de medico,0,2,0%,9
uniformes empresariales,0,2,0%,9
uniforme medicina unab,0,2,0%,9.5
uniformes de doctor,0,2,0%,9.5
uniformes para medicina,0,2,0%,9.5
confeccion de uniformes deportivos,0,2,0%,10
empresas de uniformes de trabajo,0,2,0%,10
gabachas blancas,0,2,0%,10
indumentaria medica,0,2,0%,10
tiendas de scrubs,0,2,0%,10
uma uniformes,0,2,0%,10
ropa de medico,0,2,0%,10.5
uniformes.medicos,0,2,0%,10.5
uniforme de forense,0,2,0%,11.5
uniformes institucionales,0,2,0%,11.5
ropa de doctor,0,2,0%,12
camisas empresariales,0,1,0%,1
clinica liss,0,1,0%,1
confecciónes,0,1,0%,1
cuales son las redes sociales?,0,1,0%,1
cuáles son sus redes?,0,1,0%,1
donde venden cofias para enfermera cerca de mi,0,1,0%,1
el color naranja que significa,0,1,0%,1
en enfermería,0,1,0%,1
en qué precio andan?,0,1,0%,1
ensañame,0,1,0%,1
es ia?,0,1,0%,1
lisus,0,1,0%,1
lo cambiaron,0,1,0%,1
pero quienes son?,0,1,0%,1
que uniforme es,0,1,0%,1
ropa de trabajo san miguel,0,1,0%,1
san miguel,0,1,0%,1
scrub,0,1,0%,1
taller de confección,0,1,0%,1
uniforme clínico,0,1,0%,1
uniforme de licenciado en enfermería,0,1,0%,1
uniformes quirurgicos,0,1,0%,1
venta de uniformes para médicos y enfermeras,0,1,0%,1
aquí en san miguel,0,1,0%,2
blusas para uniformes,0,1,0%,2
camisa con pantalón,0,1,0%,2
clothes donation center near me,0,1,0%,2
crop top blanco,0,1,0%,2
de donde es,0,1,0%,2
de que universidad es,0,1,0%,2
donde puedo comprar,0,1,0%,2
filipinas para veterinarios,0,1,0%,2
nutrición,0,1,0%,2
pediatría,0,1,0%,2
precio estandar,0,1,0%,2
que precio tiene?,0,1,0%,2
que universidad es,0,1,0%,2
quien es el fundador?,0,1,0%,2
ropa empresarial,0,1,0%,2
san sakvador,0,1,0%,2
san salvador,0,1,0%,2
uniforme de universidad,0,1,0%,2
uniformes de colegios,0,1,0%,2
uniformes de colegios privados,0,1,0%,2
uniformes e,0,1,0%,2
univo,0,1,0%,2
ventas de uniformes de enfermería,0,1,0%,2
andres bello uniforme,0,1,0%,3
bata médica,0,1,0%,3
confecciones de uniformes escolares,0,1,0%,3
donde venden uniformes de enfermeria,0,1,0%,3
es caro?,0,1,0%,3
filipina medica,0,1,0%,3
institución educativa,0,1,0%,3
jackets odontologia,0,1,0%,3
moda uniformes de enfermeria,0,1,0%,3
que uniforme usan,0,1,0%,3
scrubs for me,0,1,0%,3
seguro,0,1,0%,3
sinkatex,0,1,0%,3
trajes de enfermería,0,1,0%,3
uniforme de enfermera,0,1,0%,3
uniformes a,0,1,0%,3
uniformes de hospital,0,1,0%,3
uniformes de laboratorio clinico,0,1,0%,3
uniformes de trabajo,0,1,0%,3
uniformes escolares para niños,0,1,0%,3
uniformes para medico,0,1,0%,3
y licenciatura,0,1,0%,3
camisas de enfermeria,0,1,0%,4
colegio privado,0,1,0%,4
confecciones cerca de mi,0,1,0%,4
fábrica de uniforme,0,1,0%,4
otros,0,1,0%,4
recommend,0,1,0%,4
tela de enfermería,0,1,0%,4
terapia ocupacional uniforme,0,1,0%,4
uniforme de la universidad,0,1,0%,4
uniforme de medico,0,1,0%,4
uniforme para secretaria de clinica,0,1,0%,4
uniforme pediatria,0,1,0%,4
uniformes de moda,0,1,0%,4
venta de batas medicas,0,1,0%,4
"""corona cero sv"" ""el salvador"" -site:reddit.com -site:twitter.com 
-site:x.com -site:wykop.pl -site:tripadvisor.com -site:youtube.com 
-site:yelp.com -site:booking.com -site:facebook.com -site:instagram.com 
-site:tiktok.com",0,1,0%,5
de los materiales,0,1,0%,5
uniforme de licenciada en enfermería el salvador,0,1,0%,5
uniforme de nutricion,0,1,0%,5
uniforme quimico farmaceutico,0,1,0%,5
uniforme zootecnia,0,1,0%,5
uniformes de escuelas,0,1,0%,5
uniformes para laboratorio,0,1,0%,5
donde comprar uniformes de enfermeria,0,1,0%,6
donde venden,0,1,0%,6
donde venden uniformes quirurgicos,0,1,0%,6
lenceria discreta,0,1,0%,6
liss boutique,0,1,0%,6
marca de uniformes medicos,0,1,0%,6
quiero ver el uniforme,0,1,0%,6
scrub de enfermeria,0,1,0%,6
scrubs medicina,0,1,0%,6
sp uniformes,0,1,0%,6
traje de enfermera celeste,0,1,0%,6
traje medico,0,1,0%,6
uniforme andres bello,0,1,0%,6
uniforme bordo,0,1,0%,6
uniforme clinico,0,1,0%,6
uniforme de secretaria de salud,0,1,0%,6
uniforme de tecnico en enfermeria,0,1,0%,6
uniformes de nutricionista,0,1,0%,6
uniformes medicis,0,1,0%,6
catálogo de uniformes escolares,0,1,0%,7
confección de uniformes para empresas,0,1,0%,7
donde comprar scrubs,0,1,0%,7
scrub de medicina,0,1,0%,7
tela de uniformes medicos,0,1,0%,7
trajes quirurgicos,0,1,0%,7
uniforme de educación física el salvador,0,1,0%,7
uniforme de enfermeria blanco,0,1,0%,7
uniforme de lic en enfermeria,0,1,0%,7
uniforme liceo,0,1,0%,7
uniforme sublimado,0,1,0%,7
uniformes de clinica,0,1,0%,7
uniformes deportivo,0,1,0%,7
uniformes medicina,0,1,0%,7
uniformes para laboratorio clinico,0,1,0%,7
uniformes san salvador,0,1,0%,7
uniformes zaragoza,0,1,0%,7
camisa de enfermería,0,1,0%,8
diseño top,0,1,0%,8
filipina para veterinario,0,1,0%,8
ropa de farmacia,0,1,0%,8
san martin uniformes,0,1,0%,8
scrubs odontologia,0,1,0%,8
sublimados san miguel,0,1,0%,8
traje clinico quimica y farmacia,0,1,0%,8
uniforme consultorio medico,0,1,0%,8
uniforme de enfermera cerca de mi,0,1,0%,8
uniforme de enfermero,0,1,0%,8
uniforme de psicología,0,1,0%,8
uniformes empresariales el salvador,0,1,0%,8
uniformes medicos cerca de mi,0,1,0%,8
venta de uniformes enfermeria,0,1,0%,8
venta uniformes clinicos,0,1,0%,8
"""servicio de costura"" ""villa el salvador"" ""926 867 086""",0,1,0%,9
blusas de enfermería,0,1,0%,9
horarios por favor,0,1,0%,9
liss av,0,1,0%,9
proveedores de uniformes empresariales,0,1,0%,9
ruha-összeállítás keresése,0,1,0%,9
tiendas de uniformes medicos,0,1,0%,9
uniforme del sur,0,1,0%,9
uniforme educación física,0,1,0%,9
uniforme farmaceutico,0,1,0%,9
uniforme hospital,0,1,0%,9
uniforme institucional,0,1,0%,9
uniforme para hospital,0,1,0%,9
uniforme scrubs,0,1,0%,9
uniformes blancos,0,1,0%,9
uniformes de radiologia,0,1,0%,9
uniformes para medicos,0,1,0%,9
"""crop"" -site:reddit.com -site:twitter.com -site:x.com -site:wykop.pl 
-site:tripadvisor.com -site:youtube.com -site:yelp.com -site:booking.com 
-site:facebook.com -site:instagram.com -site:tiktok.com",0,1,0%,10
bordados cerca de mi,0,1,0%,10
confecciones de uniformes,0,1,0%,10
confecciones de uniformes deportivos,0,1,0%,10
donde hacen uniformes,0,1,0%,10
los crubs,0,1,0%,10
pijamas de enfermeria,0,1,0%,10
scrub medicos,0,1,0%,10
scrubs house,0,1,0%,10
servicio de costura villa el salvador,0,1,0%,10
telas,0,1,0%,10
tiendas de uniformes medicos cerca de mi,0,1,0%,10
trajes de medicos,0,1,0%,10
uniforme cirugia,0,1,0%,10
uniforme de enfermería azul,0,1,0%,10
uniforme medico scrubs,0,1,0%,10
uniforme psicologia,0,1,0%,10
uniformes la,0,1,0%,10
cortes uniformes,0,1,0%,11
empresas de bordado,0,1,0%,11
equipaciones deporte universidades,0,1,0%,11
fabrica de ropa deportiva,0,1,0%,11
proveedores de uniformes,0,1,0%,11
uniforme blanco,0,1,0%,11
uniforme de psicologia clinica,0,1,0%,11
uniformes medicos centro,0,1,0%,11
gabacha para laboratorio,0,1,0%,12
uniforme de hospital,0,1,0%,12
uniforme de portivo,0,1,0%,12
uniforme de terapeuta ocupacional,0,1,0%,12
uniforme psicología,0,1,0%,12
uniformes secretariales,0,1,0%,12
ropa de doctores,0,1,0%,13
colombia,0,1,0%,15
licenciatura en nutrición ieproes,0,1,0%,15
proveedores de uniformes para empresas el salvador,0,1,0%,19
rolox uniformes,0,1,0%,20
tienda ropa deportiva,0,1,0%,20
uniformes a medida,0,1,0%,21
gabachas de laboratorio,0,1,0%,22
bordados san salvador,0,1,0%,23
bordado de uniformes,0,1,0%,25
pensum materno infantil ues,0,1,0%,25
me puedes crear una foto,0,1,0%,27
uniforme unitec enfermeria,0,1,0%,29
sastreria san miguel,0,1,0%,30
uniforme unad psicologia,0,1,0%,41
berendsen scrubs,0,1,0%,44
sublimacion el salvador,0,1,0%,44
uniforme quirurgico,0,1,0%,45
umsa uniformes,0,1,0%,53
tiendas de ropa san miguel,0,1,0%,98