Páginas principales,Clics,Impresiones,CTR,Posición
https://www.confeccionesliss.com/,176,5542,3.18%,5.85
https://www.confeccionesliss.com/catalogo/universidades/ieproes,15,339,4.42%,4.7
https://www.confeccionesliss.com/catalogo/universidades/ieproes/uniforme-de-enfermeria-de-la-ieproes,14,339,4.13%,4.38
https://www.confeccionesliss.com/catalogo/universidades/univo,14,172,8.14%,6.18
https://www.confeccionesliss.com/contacto,7,330,2.12%,4.05
https://www.confeccionesliss.com/catalogo/universidades,7,280,2.5%,7.83
https://www.confeccionesliss.com/servicios/bordados-personalizados,7,170,4.12%,5.86
https://www.confeccionesliss.com/catalogo/universidades/unab,6,117,5.13%,8.38
https://www.confeccionesliss.com/catalogo/universidades/unab/uniforme-de-enfermeria-de-la-unab,5,218,2.29%,7.24
https://www.confeccionesliss.com/catalogo,5,196,2.55%,3.22
https://www.confeccionesliss.com/catalogo/universidades/ugb/uniforme-de-enfermeria-de-la-ugb,5,90,5.56%,4.96
https://www.confeccionesliss.com/catalogo/lenceria/boxer-blanco-discreto-para-caballero,5,37,13.51%,5.57
https://www.confeccionesliss.com/links,4,255,1.57%,3.61
https://www.confeccionesliss.com/catalogo/universidades/ugb,4,59,6.78%,5.25
https://www.confeccionesliss.com/catalogo/universidades/ieproes/uniforme-de-tecnico-en-enfermeria-de-ieproes,3,154,1.95%,4.08
https://www.confeccionesliss.com/empresa,3,149,2.01%,3.42
https://www.confeccionesliss.com/empresa/sobre-nosotros,3,128,2.34%,4.6
https://www.confeccionesliss.com/catalogo/universidades/ues/uniforme-de-enfermeria-de-la-ues,3,108,2.78%,6.83
https://www.confeccionesliss.com/servicios/sublimacion,3,84,3.57%,6.9
https://www.confeccionesliss.com/empresa/equipo,3,66,4.55%,8.2
https://www.confeccionesliss.com/catalogo/limpiapipas/ramo-de-flores-de-limpiapipas-rosa,3,48,6.25%,5.71
https://www.confeccionesliss.com/catalogo/universidades/univo/uniforme-de-profesorado-en-parvularia-de-la-univo,3,37,8.11%,7.62
https://www.confeccionesliss.com/empresa/certificaciones,3,33,9.09%,9.97
https://www.confeccionesliss.com/catalogo/universidades/ues/uniforme-de-licenciatura-en-anestesiologia-y-terapia-respiratoria-de-la-ues,3,13,23.08%,4.38
https://www.confeccionesliss.com/catalogo/universidades/ues,2,129,1.55%,5.09
https://www.confeccionesliss.com/ayuda,2,103,1.94%,6.82
https://www.confeccionesliss.com/updates,2,92,2.17%,5.97
https://www.confeccionesliss.com/catalogo/universidades/univo/uniforme-universitario-univo-medicina-interna-azul-rey,2,87,2.3%,6.33
https://www.confeccionesliss.com/legal,2,72,2.78%,5.19
https://www.confeccionesliss.com/catalogo/universidades/ues/uniforme-de-licenciatura-en-radiologia-e-imagenes-de-la-ues,2,58,3.45%,7.26
https://www.confeccionesliss.com/catalogo/escolar,2,58,3.45%,7.31
https://www.confeccionesliss.com/catalogo/universidades/ieproes/uniforme-de-licenciatura-en-nutricion-de-ieproes,2,53,3.77%,5.75
https://www.confeccionesliss.com/catalogo/universidades/unab/uniforme-universitario-unab-color-negro-unisex,2,40,5%,8.53
https://www.confeccionesliss.com/catalogo/universidades/univo/uniforme-de-doctorado-en-cirugia-dental-de-la-univo,2,10,20%,5.8
https://www.confeccionesliss.com/catalogo/universidades/ues/uniforme-de-licenciatura-en-salud-materno-infantil-de-la-ues,2,7,28.57%,7.14
https://www.confeccionesliss.com/catalogo/universidades/ieproes/uniforme-de-licenciatura-en-salud-ambiental-de-ieproes,1,160,0.62%,3.71
https://www.confeccionesliss.com/servicios,1,131,0.76%,6.38
https://www.confeccionesliss.com/catalogo/universidades/ieproes/uniforme-de-licenciatura-en-psicologia-de-la-salud-de-ieproes,1,89,1.12%,6.69
https://www.confeccionesliss.com/catalogo/universidades/ues/uniforme-de-licenciatura-en-enfermeria-de-la-ues,1,80,1.25%,6.45
https://www.confeccionesliss.com/catalogo/universidades/unab/uniforme-de-la-unab-azul-marino,1,52,1.92%,7.48
https://www.confeccionesliss.com/servicios/confeccion-a-medida,1,50,2%,10.7
https://www.confeccionesliss.com/catalogo/universidades/unab/gabacha-blanca-unab-para-estudiantes-y-profesionales,1,37,2.7%,9.11
https://www.confeccionesliss.com/catalogo/corporativo,1,36,2.78%,12.83
https://www.confeccionesliss.com/catalogo/universidades/ugb/uniforme-de-enfermeria-de-la-gerardo-barrios,1,30,3.33%,4.87
https://www.confeccionesliss.com/legal/privacidad,1,30,3.33%,7.23
https://www.confeccionesliss.com/catalogo/universidades/unab/uniforme-de-aislamiento-de-la-unab-color-verde,1,29,3.45%,8.52
https://www.confeccionesliss.com/catalogo/universidades/ues/uniforme-de-licenciatura-en-terapia-ocupacional-de-la-ues,1,28,3.57%,7.71
https://www.confeccionesliss.com/catalogo/universidades/ues/uniforme-de-maestria-en-psicologia-con-especialidad-juridico-forense-de-la-ues,1,27,3.7%,9.89
https://www.confeccionesliss.com/catalogo/scrubs/uniforme-de-enfermeria-blanco-con-bordado-de-corazon-unisex,1,26,3.85%,8.46
https://www.confeccionesliss.com/servicios/mano-de-obra,1,25,4%,7.24
https://www.confeccionesliss.com/catalogo/universidades/uma,1,23,4.35%,13.52
https://www.confeccionesliss.com/catalogo/universidades/univo/uniforme-de-tecnologo-en-enfermeria-univo,1,22,4.55%,5.73
https://www.confeccionesliss.com/catalogo/lenceria,1,20,5%,9.95
https://www.confeccionesliss.com/empresa/media-kit,1,20,5%,15.35
https://www.confeccionesliss.com/catalogo/universidades/ues/uniforme-de-licenciatura-en-psicologia-de-la-ues,1,13,7.69%,8
https://www.confeccionesliss.com/catalogo/universidades/ues/uniforme-de-maestria-en-servicios-integrales-de-salud-sexual-y-reproductiva-de-la-ues,1,11,9.09%,13.45
https://www.confeccionesliss.com/catalogo/accesorios/pin-de-psicologia-metalico-para-uniforme,1,7,14.29%,14.57
https://www.confeccionesliss.com/catalogo/universidades/ues/uniforme-de-maestria-en-salud-publica-de-la-ues,1,6,16.67%,9
https://www.confeccionesliss.com/catalogo/tops/crop-top-blanco-basico,1,6,16.67%,12.83
https://www.confeccionesliss.com/catalogo/sublimacion/camisa-sublimada-rhaenyra-targaryen-diseno-premium-doble-cara,1,4,25%,5.5
https://www.confeccionesliss.com/catalogo/universidades/univo/filipina-de-tecnico-en-optometria-de-la-univo-azul-grisaceo,1,4,25%,6
https://www.confeccionesliss.com/catalogo/ropa-calzado,1,4,25%,26
https://www.confeccionesliss.com/catalogo/scrubs/uniforme-de-enfermeria-estilo-clasico-de-color-celeste-unisex,0,199,0%,6.62
https://www.confeccionesliss.com/legal/terminos,0,52,0%,5.56
https://www.confeccionesliss.com/empresa/calidad,0,48,0%,6.62
https://www.confeccionesliss.com/catalogo/universidades/ieproes/uniforme-de-tecnico-en-salud-ambiental-de-ieproes,0,46,0%,7.07
https://www.confeccionesliss.com/catalogo/scrubs/uniforme-de-enfermeria-estilo-jogger-de-color-cafe-unisex,0,45,0%,4.76
https://www.confeccionesliss.com/catalogo/universidades/univo/uniforme-de-licenciatura-en-enfermeria-de-la-univo-blanco-y-azul-marino-para-caballero,0,42,0%,6.17
https://www.confeccionesliss.com/catalogo/universidades/univo/uniforme-de-licenciatura-en-educacion-fisica-y-deportes-de-la-univo,0,40,0%,7.03
https://www.confeccionesliss.com/catalogo/deportivo/uniforme-deportivo-a-la-medida,0,37,0%,9.08
https://www.confeccionesliss.com/catalogo/universidades/ues/licenciatura-en-quimica-y-farmacia,0,36,0%,7.47
https://www.confeccionesliss.com/catalogo/universidades/uma/uniforme-de-enfermeria-de-la-uma,0,36,0%,9.06
https://www.confeccionesliss.com/catalogo/universidades/ues/uniforme-de-licenciatura-en-fisioterapia-de-la-ues,0,33,0%,6.73
https://www.confeccionesliss.com/catalogo/universidades/univo/uniforme-de-licenciatura-en-psicologia-de-la-univo,0,33,0%,7.85
https://www.confeccionesliss.com/catalogo/scrubs,0,33,0%,11.67
https://www.confeccionesliss.com/catalogo/escolar/uniforme-escolar-del-libap-san-miguel,0,29,0%,8.62
https://www.confeccionesliss.com/catalogo/universidades/ues/uniforme-de-licenciatura-en-nutricion-de-la-ues,0,26,0%,5.62
https://www.confeccionesliss.com/catalogo/universidades/univo/gabacha-blanca-de-la-univo-para-estudiantes,0,26,0%,7.96
https://www.confeccionesliss.com/catalogo/universidades/univo/uniforme-de-pediatria-de-la-univo,0,26,0%,10.65
https://www.confeccionesliss.com/empresa/responsabilidad-social,0,26,0%,13.23
https://www.confeccionesliss.com/catalogo/scrubs/uniforme-de-enfermeria-estilo-jogger-de-color-negro-unisex,0,25,0%,8.16
https://www.confeccionesliss.com/catalogo/universidades/ues/uniforme-de-tecnico-en-farmacia-asistencial-de-la-ues,0,25,0%,8.32
https://www.confeccionesliss.com/catalogo/universidades/univo/uniforme-de-profesorado-en-educacion-fisica-y-deportes-univo,0,25,0%,8.4
https://www.confeccionesliss.com/catalogo/universidades/univo/uniforme-de-licenciatura-en-enfermeria-de-la-univo-blanco-y-azul-marino,0,22,0%,4.41
https://www.confeccionesliss.com/servicios/ropa-general,0,22,0%,8.64
https://www.confeccionesliss.com/catalogo/universidades/ues/uniforme-de-licenciatura-en-medicina-veterinaria-y-zootecnia-de-la-ues,0,19,0%,7.05
https://www.confeccionesliss.com/catalogo/ropa-calzado/tenis-blancos-para-personal-de-salud,0,19,0%,9.11
https://www.confeccionesliss.com/catalogo/scrubs/uniforme-de-enfermeria-manga-larga-de-color-azul-marino-unisex,0,19,0%,11.37
https://www.confeccionesliss.com/legal/confeccion,0,19,0%,23.74
https://www.confeccionesliss.com/catalogo/corporativo/uniforme-corporativo-empresarial-a-la-medida,0,18,0%,8.33
https://www.confeccionesliss.com/legal/garantia,0,18,0%,11.61
https://www.confeccionesliss.com/catalogo/universidades/ieproes/uniforme-de-tecnologo-en-enfermeria-de-ieproes,0,18,0%,11.89
https://www.confeccionesliss.com/catalogo/universidades/ues/uniforme-de-tecnico-en-veterinaria-y-zootecnia-de-la-ues,0,17,0%,8.06
https://www.confeccionesliss.com/catalogo/scrubs/uniforme-de-enfermeria-estilo-zip-de-color-azul-marino-unisex,0,17,0%,9.24
https://www.confeccionesliss.com/legal/envios,0,17,0%,10.53
https://www.confeccionesliss.com/catalogo/deportivo,0,17,0%,12.59
https://www.confeccionesliss.com/catalogo/universidades/ugb/uniforme-de-tecnico-en-enfermeria-de-la-ugb-para-hombre,0,16,0%,7.62
https://www.confeccionesliss.com/empresa/transparencia,0,16,0%,9
https://www.confeccionesliss.com/catalogo/universidades/unab/uniforme-de-la-unab-estilo-clasico-azul-marino,0,16,0%,9.12
https://www.confeccionesliss.com/catalogo/scrubs/uniforme-de-enfermeria-estilo-cargo-comando-de-color-beige-unisex,0,16,0%,11.69
https://www.confeccionesliss.com/catalogo/universidades/ues/uniforme-de-licenciatura-en-anestesiologia-e-inhaloterapia-de-la-ues,0,14,0%,5.71
https://www.confeccionesliss.com/catalogo/universidades/ugb/uniforme-de-licenciatura-en-enfermeria-de-la-ugb-blanco-y-azul-marino,0,14,0%,6.5
https://www.confeccionesliss.com/catalogo/universidades/unab/uniforme-de-nutricion-unab-color-vino,0,14,0%,8.07
https://www.confeccionesliss.com/catalogo/scrubs/uniforme-de-enfermeria-manga-larga-de-color-beige-unisex,0,14,0%,10.14
https://www.confeccionesliss.com/catalogo/universidades/univo/uniforme-de-doctorado-en-medicina-de-la-univo,0,13,0%,7.08
https://www.confeccionesliss.com/catalogo/universidades/univo/camiseta-deportiva-univo-azul-marino-con-franja-amarilla-y-blanca,0,13,0%,8.62
https://www.confeccionesliss.com/legal/mayoreo,0,13,0%,10.69
https://www.confeccionesliss.com/empresa/proceso-de-confeccion,0,13,0%,23.77
https://www.confeccionesliss.com/catalogo/universidades/ues/uniforme-de-doctorado-en-medicina-de-la-ues,0,12,0%,6.58
https://www.confeccionesliss.com/catalogo/universidades/univo/uniforme-de-medicina-veterinaria-de-la-univo-azul-marino-con-verde-limon,0,12,0%,8.75
https://www.confeccionesliss.com/cuenta,0,12,0%,9.25
https://www.confeccionesliss.com/catalogo/universidades/ues/uniforme-de-maestria-en-psicologia-clinica-de-la-comunidad-de-la-ues,0,12,0%,9.42
https://www.confeccionesliss.com/empresa/filosofia,0,12,0%,23
https://www.confeccionesliss.com/catalogo/universidades/ues/uniforme-de-licenciatura-en-educacion-para-la-salud-de-la-ues,0,11,0%,6.55
https://www.confeccionesliss.com/catalogo/universidades/ugb/uniforme-de-enfermeria-de-la-ugb-color-blanco-y-vino,0,11,0%,7.73
https://www.confeccionesliss.com/catalogo/universidades/univo/uniforme-de-tecnologo-en-enfermeria-univo-blanco-y-azul,0,11,0%,11.09
https://www.confeccionesliss.com/legal/ia,0,11,0%,11.55
https://www.confeccionesliss.com/legal/cotizaciones,0,11,0%,13.73
https://www.confeccionesliss.com/catalogo/universidades/ues/uniforme-de-licenciatura-en-optometria-de-la-ues,0,10,0%,8.4
https://www.confeccionesliss.com/catalogo/universidades/univo/camisa-corporativa-univo-color-gris-azulado,0,10,0%,10.6
https://www.confeccionesliss.com/catalogo/universidades/ues/uniforme-de-maestria-en-gerontologia-clinica-y-social-de-la-ues,0,10,0%,11.4
https://www.confeccionesliss.com/legal/devoluciones,0,9,0%,13.11
https://www.confeccionesliss.com/catalogo/universidades/ues/uniforme-de-licenciatura-en-salud-ambiental-de-la-ues,0,8,0%,4.38
https://www.confeccionesliss.com/catalogo/universidades/ues/uniforme-de-licenciatura-en-laboratorio-clinico-de-la-ues,0,8,0%,4.75
https://www.confeccionesliss.com/catalogo/universidades/unab/uniforme-universitario-unab-color-vino-unisex,0,8,0%,12.25
https://www.confeccionesliss.com/catalogo/accesorios,0,7,0%,9.71
https://www.confeccionesliss.com/catalogo/universidades/ues/licenciatura-en-anestesiologia-y-medicina-perioperatoria,0,6,0%,4.17
https://www.confeccionesliss.com/catalogo/universidades/univo/filipina-de-medicina-veterinaria-de-la-univo-color-cafe,0,6,0%,8.17
https://www.confeccionesliss.com/legal/referidos,0,5,0%,7
https://www.confeccionesliss.com/catalogo/tops,0,5,0%,7.8
https://www.confeccionesliss.com/legal/cookies,0,5,0%,9.2
https://www.confeccionesliss.com/legal/contratacion,0,5,0%,31.8
https://www.confeccionesliss.com/catalogo/universidades/univo/uniforme-de-doctorado-en-medicina-de-la-univo-azul-marino,0,4,0%,4
https://www.confeccionesliss.com/legal/derechos,0,4,0%,10
https://www.confeccionesliss.com/legal/disputas,0,4,0%,10.25
https://www.confeccionesliss.com/catalogo/universidades/ugb/uniforme-de-licenciatura-en-psicologia-de-la-ugb-color-lavanda,0,4,0%,14.75
https://www.confeccionesliss.com/catalogo/universidades/ues/uniforme-de-doctorado-en-cirugia-dental-de-la-ues,0,3,0%,6.67
https://www.confeccionesliss.com/catalogo/universidades/ugb/camisa-formal-corporativa-de-la-ugb-manga-larga-azul-marino,0,3,0%,8.33
https://www.confeccionesliss.com/catalogo/universidades/ues/uniforme-de-maestria-en-educacion-en-salud-sexual-y-reproductiva-de-la-ues,0,3,0%,16
https://www.confeccionesliss.com/catalogo/universidades/univo/uniforme-de-medicina-veterinaria-de-la-univo-azul-marino-con-verde-esmeralda,0,3,0%,20.33
https://www.confeccionesliss.com/legal/ugc,0,3,0%,25.67
https://www.confeccionesliss.com/catalogo/sublimacion,0,2,0%,6
https://www.confeccionesliss.com/legal/terceros,0,2,0%,6.5
https://www.confeccionesliss.com/catalogo/universidades/ugb/camisa-formal-corporativa-de-la-ugb-manga-corta-negra,0,2,0%,13
https://www.confeccionesliss.com/legal/deberes,0,2,0%,14
https://www.confeccionesliss.com/legal/fotografia,0,2,0%,18.5
http://www.confeccionesliss.com/,0,1,0%,1
https://www.confeccionesliss.com/catalogo/universidades/ues/uniforme-de-maestria-en-gestion-hospitalaria-de-la-ues,0,1,0%,1
http://confeccionesliss.com/,0,1,0%,2
https://www.confeccionesliss.com/legal/comunicaciones,0,1,0%,7
https://www.confeccionesliss.com/catalogo/universidades/univo/uniforme-de-medicina-veterinaria-de-la-univo-color-turquesa,0,1,0%,11
https://www.confeccionesliss.com/catalogo/limpiapipas,0,1,0%,40